{"cameraMode":{"drawMode":0,"name":"Shaded","section":"Shading Mode"},"sceneLighting":true,"audioPlay":false,"sceneViewState":{"showFog":true,"showMaterialUpdate":true,"showSkybox":true,"showFlares":true,"showImageEffects":true,"showParticleSystems":true},"in2DMode":false,"pivot":{"x":17.57573890686035,"y":2.7540206909179689,"z":-35.89570617675781},"rotation":{"x":-0.11975864320993424,"y":-0.8148850202560425,"z":0.18162836134433747,"w":-0.5372586250305176},"size":4.265995502471924,"orthographic":false}